<?xml version="1.0" encoding="UTF-8"?>
<project-private xmlns="http://www.netbeans.org/ns/project-private/1">
    <editor-bookmarks xmlns="http://www.netbeans.org/ns/editor-bookmarks/2" lastBookmarkId="0"/>
    <open-files xmlns="http://www.netbeans.org/ns/projectui-open-files/2">
        <group>
            <file>file:/C:/xampp/htdocs/bookstore/resources/views/frontend/blocks/home.blade.php</file>
            <file>file:/C:/xampp/htdocs/bookstore/public/frontend/css/style.css</file>
            <file>file:/C:/xampp/htdocs/bookstore/app/Http/Controllers/PageController.php</file>
            <file>file:/C:/xampp/htdocs/bookstore/app/Http/Controllers/Auth/AuthController.php</file>
            <file>file:/C:/xampp/htdocs/bookstore/app/Http/routes.php</file>
        </group>
    </open-files>
</project-private>
